{"cameraMode":{"drawMode":0,"name":"Shaded","section":"Shading Mode"},"sceneLighting":true,"audioPlay":false,"sceneViewState":{"m_AlwaysRefresh":false,"showFog":true,"showSkybox":true,"showFlares":true,"showImageEffects":true,"showParticleSystems":true,"showVisualEffectGraphs":true,"m_FxEnabled":true},"in2DMode":false,"pivot":{"x":0.0008678287267684937,"y":6.43616247177124,"z":3.3875393867492677},"rotation":{"x":-0.5560666918754578,"y":0.017954276874661447,"z":-0.012000633403658867,"w":-0.8308419585227966},"size":3.909708261489868,"orthographic":false}